{"cameraMode":{"drawMode":0,"name":"Shaded","section":"Shading Mode"},"sceneLighting":false,"audioPlay":false,"sceneViewState":{"showFog":false,"showMaterialUpdate":false,"showSkybox":false,"showFlares":false,"showImageEffects":false,"showParticleSystems":false},"in2DMode":false,"pivot":{"x":-5.769999980926514,"y":3.2799999713897707,"z":-5.519999980926514},"rotation":{"x":0.003047470236197114,"y":-0.9932841062545776,"z":0.1170453205704689,"w":0.01660827174782753},"size":3.9273788928985597,"orthographic":false}