{"cameraMode":{"drawMode":0,"name":"Shaded","section":"Shading Mode"},"sceneLighting":false,"audioPlay":false,"sceneViewState":{"showFog":true,"showMaterialUpdate":true,"showSkybox":false,"showFlares":true,"showImageEffects":true,"showParticleSystems":true},"in2DMode":false,"pivot":{"x":-8.648534774780274,"y":1.7312235832214356,"z":7.340723991394043},"rotation":{"x":-0.0012404450681060553,"y":0.9926621317863464,"z":-0.12120363116264343,"w":-0.009559037163853646},"size":3.1863186359405519,"orthographic":false}