{"cameraMode":{"drawMode":0,"name":"Shaded","section":"Shading Mode"},"sceneLighting":false,"audioPlay":false,"sceneViewState":{"showFog":false,"showMaterialUpdate":false,"showSkybox":false,"showFlares":false,"showImageEffects":false,"showParticleSystems":false},"in2DMode":false,"pivot":{"x":-16.44361686706543,"y":2.3235316276550295,"z":-2.155475616455078},"rotation":{"x":0.15359188616275788,"y":-0.685869574546814,"z":0.15158498287200929,"w":0.6950364708900452},"size":7.268712043762207,"orthographic":false}