{"cameraMode":{"drawMode":0,"name":"Shaded","section":"Shading Mode"},"sceneLighting":false,"audioPlay":false,"sceneViewState":{"showFog":true,"showMaterialUpdate":true,"showSkybox":false,"showFlares":true,"showImageEffects":true,"showParticleSystems":true},"in2DMode":false,"pivot":{"x":7.55000114440918,"y":0.9800000190734863,"z":7.65000057220459},"rotation":{"x":0.004960975609719753,"y":-0.9885614514350891,"z":0.14788490533828736,"w":0.032624151557683948},"size":3.7770230770111086,"orthographic":false}