{"cameraMode":{"drawMode":0,"name":"Shaded","section":"Shading Mode"},"sceneLighting":true,"audioPlay":false,"sceneViewState":{"showFog":true,"showMaterialUpdate":true,"showSkybox":true,"showFlares":true,"showImageEffects":true,"showParticleSystems":true},"in2DMode":false,"pivot":{"x":-5.616332054138184,"y":-7.417597770690918,"z":-13.359125137329102},"rotation":{"x":0.00014599051792174578,"y":-0.990418553352356,"z":0.13906452059745789,"w":0.0017641611630097032},"size":40.25849533081055,"orthographic":false}