{"cameraMode":{"drawMode":0,"name":"Shaded","section":"Shading Mode"},"sceneLighting":false,"audioPlay":false,"sceneViewState":{"showFog":false,"showMaterialUpdate":false,"showSkybox":false,"showFlares":false,"showImageEffects":false,"showParticleSystems":false},"in2DMode":false,"pivot":{"x":-0.5167233943939209,"y":-0.3597860336303711,"z":-0.4358546733856201},"rotation":{"x":-0.0018614992732182146,"y":-0.8927001357078552,"z":0.451577365398407,"w":-0.006028377451002598},"size":7.268712043762207,"orthographic":false}