{"cameraMode":{"drawMode":0,"name":"Shaded","section":"Shading Mode"},"sceneLighting":false,"audioPlay":false,"sceneViewState":{"showFog":true,"showMaterialUpdate":true,"showSkybox":false,"showFlares":true,"showImageEffects":true,"showParticleSystems":true},"in2DMode":false,"pivot":{"x":-0.4570033550262451,"y":0.8792778253555298,"z":-0.09102177619934082},"rotation":{"x":0.015463392250239849,"y":0.9753723740577698,"z":-0.20789504051208497,"w":0.07267007976770401},"size":3.7770230770111086,"orthographic":false}