{"cameraMode":{"drawMode":0,"name":"Shaded","section":"Shading Mode"},"sceneLighting":false,"audioPlay":false,"sceneViewState":{"showFog":true,"showMaterialUpdate":false,"showSkybox":false,"showFlares":true,"showImageEffects":true,"showParticleSystems":true},"in2DMode":false,"pivot":{"x":964.2000122070313,"y":706.9500122070313,"z":0.0},"rotation":{"x":0.09317991882562638,"y":0.005998140666633844,"z":-0.0004956996999680996,"w":0.9956871271133423},"size":2725.994384765625,"orthographic":false}