{"cameraMode":{"drawMode":0,"name":"Shaded","section":"Shading Mode"},"sceneLighting":false,"audioPlay":false,"sceneViewState":{"showFog":true,"showMaterialUpdate":false,"showSkybox":false,"showFlares":true,"showImageEffects":true,"showParticleSystems":true},"in2DMode":false,"pivot":{"x":-5.638813018798828,"y":1.605755090713501,"z":18.439189910888673},"rotation":{"x":0.07574791461229325,"y":0.8159513473510742,"z":-0.10982532054185868,"w":0.5625587701797485},"size":10.394225120544434,"orthographic":false}