{"cameraMode":{"drawMode":0,"name":"Shaded","section":"Shading Mode"},"sceneLighting":true,"audioPlay":false,"sceneViewState":{"showFog":true,"showMaterialUpdate":false,"showSkybox":true,"showFlares":true,"showImageEffects":true,"showParticleSystems":true},"in2DMode":false,"pivot":{"x":-2.225815773010254,"y":-0.5294356346130371,"z":4.9166483879089359},"rotation":{"x":-0.16612514853477479,"y":0.7371785044670105,"z":-0.19595515727996827,"w":-0.6249585151672363},"size":10.0,"orthographic":false}