{"cameraMode":{"drawMode":0,"name":"Shaded","section":"Shading Mode"},"sceneLighting":true,"audioPlay":false,"sceneViewState":{"showFog":false,"showMaterialUpdate":false,"showSkybox":false,"showFlares":false,"showImageEffects":false,"showParticleSystems":true},"in2DMode":false,"pivot":{"x":-1.6481448411941529,"y":-21.705175399780275,"z":21.044597625732423},"rotation":{"x":-0.3843093514442444,"y":0.013830700889229775,"z":-0.005758177954703569,"w":-0.9230828285217285},"size":53.3353271484375,"orthographic":false}